[
  {
    "id": "479a3397-8be1-47e8-b3bf-551235726947",
    "data": [
      {
        "text": "set",
        "alias": "operation",
        "meta": "@operation",
        "userDefined": false
      },
      {
        "text": " ",
        "userDefined": false
      },
      {
        "text": "anna\u0027s",
        "alias": "player",
        "meta": "@sys.given-name",
        "userDefined": false
      },
      {
        "text": " points to ",
        "userDefined": false
      },
      {
        "text": "20",
        "alias": "points",
        "meta": "@sys.number",
        "userDefined": true
      }
    ],
    "isTemplate": false,
    "count": 0
  },
  {
    "id": "902a59fa-435e-4ec2-b312-9d716e92e39f",
    "data": [
      {
        "text": "subtract",
        "alias": "operation",
        "meta": "@operation",
        "userDefined": false
      },
      {
        "text": " ",
        "userDefined": false
      },
      {
        "text": "10",
        "alias": "points",
        "meta": "@sys.number",
        "userDefined": false
      },
      {
        "text": " points from ",
        "userDefined": false
      },
      {
        "text": "elijah",
        "alias": "player",
        "meta": "@sys.given-name",
        "userDefined": false
      }
    ],
    "isTemplate": false,
    "count": 0
  },
  {
    "id": "06b019c6-ea59-4db2-a6e3-c1695332c62b",
    "data": [
      {
        "text": "add",
        "alias": "operation",
        "meta": "@operation",
        "userDefined": false
      },
      {
        "text": " ",
        "userDefined": false
      },
      {
        "text": "100",
        "alias": "points",
        "meta": "@sys.number",
        "userDefined": false
      },
      {
        "text": " points to ",
        "userDefined": false
      },
      {
        "text": "tom",
        "alias": "player",
        "meta": "@sys.given-name",
        "userDefined": false
      }
    ],
    "isTemplate": false,
    "count": 0
  }
]