[
  {
    "id": "b19deae7-ca71-4f8b-91b6-1a672053d086",
    "data": [
      {
        "text": "remove",
        "alias": "operation",
        "meta": "@operation",
        "userDefined": false
      },
      {
        "text": " ",
        "userDefined": false
      },
      {
        "text": "elijah",
        "alias": "player",
        "meta": "@sys.given-name",
        "userDefined": true
      },
      {
        "text": " from the player\u0027s list",
        "userDefined": false
      }
    ],
    "isTemplate": false,
    "count": 0
  },
  {
    "id": "1f20d230-071e-47c4-b827-55e37387251b",
    "data": [
      {
        "text": "keep track",
        "alias": "operation",
        "meta": "@operation",
        "userDefined": true
      },
      {
        "text": " of a new player",
        "userDefined": false
      }
    ],
    "isTemplate": false,
    "count": 0
  },
  {
    "id": "8a64c378-2f36-49ab-9ec0-5c28f0611ed7",
    "data": [
      {
        "text": "add",
        "alias": "operation",
        "meta": "@operation",
        "userDefined": false
      },
      {
        "text": " ",
        "userDefined": false
      },
      {
        "text": "jill",
        "alias": "player",
        "meta": "@sys.given-name",
        "userDefined": false
      },
      {
        "text": " to the list of players",
        "userDefined": false
      }
    ],
    "isTemplate": false,
    "count": 0
  },
  {
    "id": "5cff8ef2-5ad6-4746-8495-47d08e3ba09a",
    "data": [
      {
        "text": "make",
        "alias": "operation",
        "meta": "@operation",
        "userDefined": true
      },
      {
        "text": " a new player",
        "userDefined": false
      }
    ],
    "isTemplate": false,
    "count": 0
  },
  {
    "id": "5c8b3953-1603-4cf6-9e52-3aa9b0b79a52",
    "data": [
      {
        "text": "add",
        "alias": "operation",
        "meta": "@operation",
        "userDefined": false
      },
      {
        "text": " a player",
        "userDefined": false
      }
    ],
    "isTemplate": false,
    "count": 0
  },
  {
    "id": "8dbcbf2b-d447-404c-9988-a1f36e0ae6d4",
    "data": [
      {
        "text": "jim",
        "alias": "player",
        "meta": "@sys.given-name",
        "userDefined": false
      },
      {
        "text": " isn\u0027t playing anymore",
        "userDefined": false
      }
    ],
    "isTemplate": false,
    "count": 0
  },
  {
    "id": "221aaea9-cbc6-479d-ac05-712c2e9a2f51",
    "data": [
      {
        "text": "delete",
        "alias": "operation",
        "meta": "@operation",
        "userDefined": false
      },
      {
        "text": " ",
        "userDefined": false
      },
      {
        "text": "elijah\u0027s",
        "alias": "player",
        "meta": "@sys.given-name",
        "userDefined": false
      },
      {
        "text": " scores",
        "userDefined": false
      }
    ],
    "isTemplate": false,
    "count": 0
  },
  {
    "id": "cebc1591-738b-4876-bb53-7a357b38168b",
    "data": [
      {
        "text": "start",
        "alias": "operation",
        "meta": "@operation",
        "userDefined": true
      },
      {
        "text": " a new player",
        "userDefined": false
      }
    ],
    "isTemplate": false,
    "count": 0
  }
]