[
  {
    "id": "920b48de-e8a4-46d6-ada0-81ab9fcb7bba",
    "data": [
      {
        "text": "list our scores",
        "userDefined": false
      }
    ],
    "isTemplate": false,
    "count": 0
  },
  {
    "id": "f60a1a27-ae28-4a6c-9221-ee4a4270c1f1",
    "data": [
      {
        "text": "read the points",
        "userDefined": false
      }
    ],
    "isTemplate": false,
    "count": 0
  },
  {
    "id": "622e96ee-7c5c-49ee-b6c4-f9c9e50d5f5c",
    "data": [
      {
        "text": "what\u0027s the score list",
        "userDefined": false
      }
    ],
    "isTemplate": false,
    "count": 0
  },
  {
    "id": "e848412d-279e-495a-adcf-9605d6e7c00e",
    "data": [
      {
        "text": "what\u0027s the score",
        "userDefined": false
      }
    ],
    "isTemplate": false,
    "count": 0
  },
  {
    "id": "8a8d6352-8fd1-4798-a2b5-4cb4f5689bf4",
    "data": [
      {
        "text": "tell me the scores",
        "userDefined": false
      }
    ],
    "isTemplate": false,
    "count": 0
  },
  {
    "id": "6a62ac46-3e3f-4d40-b193-b711bc3397a5",
    "data": [
      {
        "text": "list all the points",
        "userDefined": false
      }
    ],
    "isTemplate": false,
    "count": 0
  }
]