[
  {
    "id": "dfaa1cfe-6104-48d3-80f3-db410e72c81f",
    "data": [
      {
        "text": "how many points does ",
        "userDefined": false
      },
      {
        "text": "jeff",
        "alias": "player",
        "meta": "@sys.given-name",
        "userDefined": true
      },
      {
        "text": " have?",
        "userDefined": false
      }
    ],
    "isTemplate": false,
    "count": 0
  },
  {
    "id": "7332bd05-c505-4d4a-9339-10b14ae43500",
    "data": [
      {
        "text": "what is ",
        "userDefined": false
      },
      {
        "text": "andy\u0027s",
        "alias": "player",
        "meta": "@sys.given-name",
        "userDefined": false
      },
      {
        "text": " score?",
        "userDefined": false
      }
    ],
    "isTemplate": false,
    "count": 0
  },
  {
    "id": "7d7e975e-2f94-4391-b7b0-074ac794812f",
    "data": [
      {
        "text": "what is the ",
        "userDefined": false
      },
      {
        "text": "ben\u0027s",
        "alias": "player",
        "meta": "@sys.given-name",
        "userDefined": true
      },
      {
        "text": " points?",
        "userDefined": false
      }
    ],
    "isTemplate": false,
    "count": 0
  }
]