[
  {
    "id": "9fe22356-df5b-4710-b77e-a8bde0d48b87",
    "data": [
      {
        "text": "who has the ",
        "userDefined": false
      },
      {
        "text": "smallest",
        "alias": "extreme",
        "meta": "@extreme",
        "userDefined": true
      },
      {
        "text": " score?",
        "userDefined": false
      }
    ],
    "isTemplate": false,
    "count": 0
  },
  {
    "id": "ff0ae5f7-a750-4063-a195-06eb61b10e8b",
    "data": [
      {
        "text": "who has the ",
        "userDefined": false
      },
      {
        "text": "lowest",
        "alias": "extreme",
        "meta": "@extreme",
        "userDefined": false
      },
      {
        "text": " number of points?",
        "userDefined": false
      }
    ],
    "isTemplate": false,
    "count": 0
  },
  {
    "id": "afb86713-71be-4640-b1f9-73ec39dc14cb",
    "data": [
      {
        "text": "who had the ",
        "userDefined": false
      },
      {
        "text": "greatest",
        "alias": "extreme",
        "meta": "@extreme",
        "userDefined": true
      },
      {
        "text": " number of points?",
        "userDefined": false
      }
    ],
    "isTemplate": false,
    "count": 0
  },
  {
    "id": "decb2a9a-fe95-48da-9973-bcf0376e7be0",
    "data": [
      {
        "text": "which user has the ",
        "userDefined": false
      },
      {
        "text": "most",
        "alias": "extreme",
        "meta": "@extreme",
        "userDefined": false
      },
      {
        "text": " points?",
        "userDefined": false
      }
    ],
    "isTemplate": false,
    "count": 0
  }
]