[
  {
    "id": "7c3ea22f-813a-422d-9fa0-0bed349fd68e",
    "data": [
      {
        "text": "play again",
        "userDefined": false
      }
    ],
    "isTemplate": false,
    "count": 0
  },
  {
    "id": "49f9d742-7b47-4f1e-8360-1f45a1245d43",
    "data": [
      {
        "text": "forget the points",
        "userDefined": false
      }
    ],
    "isTemplate": false,
    "count": 0
  },
  {
    "id": "ea8d151e-0f12-45c4-a82a-7f504a46852e",
    "data": [
      {
        "text": "reset",
        "userDefined": false
      }
    ],
    "isTemplate": false,
    "count": 0
  },
  {
    "id": "4d49c939-38b0-4fd0-9154-48f078c32510",
    "data": [
      {
        "text": "start over",
        "userDefined": false
      }
    ],
    "isTemplate": false,
    "count": 0
  },
  {
    "id": "a8f66b31-f2f2-45aa-b8ed-4fabcbbbff22",
    "data": [
      {
        "text": "new game",
        "userDefined": false
      }
    ],
    "isTemplate": false,
    "count": 0
  },
  {
    "id": "f080df7d-362b-4e7e-80f7-0becbe6aa8d6",
    "data": [
      {
        "text": "reset the game",
        "userDefined": false
      }
    ],
    "isTemplate": false,
    "count": 0
  },
  {
    "id": "0488f9b7-36a5-4e74-9a7c-fe53ca36c5f9",
    "data": [
      {
        "text": "start a new game",
        "userDefined": false
      }
    ],
    "isTemplate": false,
    "count": 0
  }
]