[
  {
    "id": "244df233-ac47-480f-83dc-91f43310e6ad",
    "data": [
      {
        "text": "make a new game for ",
        "userDefined": false
      },
      {
        "text": "nate",
        "alias": "playerNames",
        "meta": "@sys.given-name",
        "userDefined": false
      },
      {
        "text": " and ",
        "userDefined": false
      },
      {
        "text": "jack",
        "alias": "playerNames",
        "meta": "@sys.given-name",
        "userDefined": false
      },
      {
        "text": " and ",
        "userDefined": false
      },
      {
        "text": "miguel",
        "alias": "playerNames",
        "meta": "@sys.given-name",
        "userDefined": false
      }
    ],
    "isTemplate": false,
    "count": 0
  },
  {
    "id": "c74db8d9-566e-4deb-a938-c70addf4e6f2",
    "data": [
      {
        "text": "elijah",
        "alias": "playerNames",
        "meta": "@sys.given-name",
        "userDefined": true
      },
      {
        "text": " and ",
        "userDefined": false
      },
      {
        "text": "taylor",
        "alias": "playerNames",
        "meta": "@sys.given-name",
        "userDefined": true
      },
      {
        "text": " are playing",
        "userDefined": false
      }
    ],
    "isTemplate": false,
    "count": 0
  },
  {
    "id": "7653e417-3eee-4c8d-b381-be4e9f35ab36",
    "data": [
      {
        "text": "start a game between ",
        "userDefined": false
      },
      {
        "text": "jeff",
        "alias": "playerNames",
        "meta": "@sys.given-name",
        "userDefined": true
      },
      {
        "text": " and ",
        "userDefined": false
      },
      {
        "text": "julia",
        "alias": "playerNames",
        "meta": "@sys.given-name",
        "userDefined": true
      }
    ],
    "isTemplate": false,
    "count": 0
  },
  {
    "id": "78ba9924-9115-4398-b25f-58bf802fd04b",
    "data": [
      {
        "text": "we\u0027re called ",
        "userDefined": false
      },
      {
        "text": "bill",
        "alias": "playerNames",
        "meta": "@sys.given-name",
        "userDefined": true
      },
      {
        "text": " and ",
        "userDefined": false
      },
      {
        "text": "sally",
        "alias": "playerNames",
        "meta": "@sys.given-name",
        "userDefined": true
      }
    ],
    "isTemplate": false,
    "count": 0
  }
]