[
  {
    "id": "94b1ca07-38f2-4029-96df-04182b503934",
    "data": [
      {
        "text": "1",
        "alias": "startingPoints",
        "meta": "@sys.number",
        "userDefined": false
      }
    ],
    "isTemplate": false,
    "count": 0
  },
  {
    "id": "f1e2795c-1d39-4dd2-b010-6b3cd1b2896d",
    "data": [
      {
        "text": "4099",
        "alias": "startingPoints",
        "meta": "@sys.number",
        "userDefined": false
      }
    ],
    "isTemplate": false,
    "count": 0
  },
  {
    "id": "8962d7b2-db30-4b5b-87c0-e0408d5889fc",
    "data": [
      {
        "text": "40",
        "alias": "startingPoints",
        "meta": "@sys.number",
        "userDefined": false
      }
    ],
    "isTemplate": false,
    "count": 0
  },
  {
    "id": "36fade0c-7233-4212-bd3c-ce00b598ca81",
    "data": [
      {
        "text": "30",
        "alias": "startingPoints",
        "meta": "@sys.number",
        "userDefined": false
      }
    ],
    "isTemplate": false,
    "count": 0
  },
  {
    "id": "1e88b12e-29af-4c2b-8898-d95cc8e4f528",
    "data": [
      {
        "text": "20",
        "alias": "startingPoints",
        "meta": "@sys.number",
        "userDefined": false
      }
    ],
    "isTemplate": false,
    "count": 0
  },
  {
    "id": "20887562-7db0-4615-8a33-17dd7c109fab",
    "data": [
      {
        "text": "10",
        "alias": "startingPoints",
        "meta": "@sys.number",
        "userDefined": false
      }
    ],
    "isTemplate": false,
    "count": 0
  }
]